term,category,count,document_count,status,attribution
黑暗丛林,approved_hotword,15,5,approved,corpus_level_not_single_speaker
Apple Store,approved_hotword,,,approved,corpus_level_not_single_speaker
GMV,approved_hotword,,,approved,corpus_level_not_single_speaker
NPC,approved_hotword,,,approved,corpus_level_not_single_speaker
PPT,approved_hotword,,,approved,corpus_level_not_single_speaker
一千零八级台阶,approved_hotword,,,approved,corpus_level_not_single_speaker
一朝被蛇咬，十年怕井绳,approved_hotword,,,approved,corpus_level_not_single_speaker
一鱼多吃,approved_hotword,,,approved,corpus_level_not_single_speaker
不破不立,approved_hotword,,,approved,corpus_level_not_single_speaker
中轴线,approved_hotword,,,approved,corpus_level_not_single_speaker
主旋律,approved_hotword,,,approved,corpus_level_not_single_speaker
事缓则圆,approved_hotword,,,approved,corpus_level_not_single_speaker
人情世故,approved_hotword,,,approved,corpus_level_not_single_speaker
人生复利,approved_hotword,,,approved,corpus_level_not_single_speaker
人生杠杆,approved_hotword,,,approved,corpus_level_not_single_speaker
以一敌十,approved_hotword,,,approved,corpus_level_not_single_speaker
冈仁波齐,approved_hotword,,,approved,corpus_level_not_single_speaker
剑指自己,approved_hotword,,,approved,corpus_level_not_single_speaker
命比纸薄,approved_hotword,,,approved,corpus_level_not_single_speaker
塞翁失马，焉知非福,approved_hotword,,,approved,corpus_level_not_single_speaker
大文殊寺,approved_hotword,,,approved,corpus_level_not_single_speaker
大音希声，大象无形,approved_hotword,,,approved,corpus_level_not_single_speaker
如释重负,approved_hotword,,,approved,corpus_level_not_single_speaker
姜哥,approved_hotword,,,approved,corpus_level_not_single_speaker
姜禹,approved_hotword,,,approved,corpus_level_not_single_speaker
客服白皮书,approved_hotword,,,approved,corpus_level_not_single_speaker
小卡拉米,approved_hotword,,,approved,corpus_level_not_single_speaker
山巅相见,approved_hotword,,,approved,corpus_level_not_single_speaker
工商联,approved_hotword,,,approved,corpus_level_not_single_speaker
广结善缘,approved_hotword,,,approved,corpus_level_not_single_speaker
心肌炎,approved_hotword,,,approved,corpus_level_not_single_speaker
快刀斩乱麻,approved_hotword,,,approved,corpus_level_not_single_speaker
拍胸脯,approved_hotword,,,approved,corpus_level_not_single_speaker
接人待物,approved_hotword,,,approved,corpus_level_not_single_speaker
文人相轻,approved_hotword,,,approved,corpus_level_not_single_speaker
文殊菩萨,approved_hotword,,,approved,corpus_level_not_single_speaker
无垢琉璃心,approved_hotword,,,approved,corpus_level_not_single_speaker
日喀则,approved_hotword,,,approved,corpus_level_not_single_speaker
树成林,approved_hotword,,,approved,corpus_level_not_single_speaker
气运+1,approved_hotword,,,approved,corpus_level_not_single_speaker
气运手札,approved_hotword,,,approved,corpus_level_not_single_speaker
水满则溢,approved_hotword,,,approved,corpus_level_not_single_speaker
派代,approved_hotword,,,approved,corpus_level_not_single_speaker
淘宝大学,approved_hotword,,,approved,corpus_level_not_single_speaker
熵增熵减,approved_hotword,,,approved,corpus_level_not_single_speaker
电商手札,approved_hotword,,,approved,corpus_level_not_single_speaker
电商相对论,approved_hotword,,,approved,corpus_level_not_single_speaker
神经元,approved_hotword,,,approved,corpus_level_not_single_speaker
经幡广场,approved_hotword,,,approved,corpus_level_not_single_speaker
罗树林,approved_hotword,,,approved,corpus_level_not_single_speaker
聚势大会,approved_hotword,,,approved,corpus_level_not_single_speaker
船大难掉头,approved_hotword,,,approved,corpus_level_not_single_speaker
良师益友,approved_hotword,,,approved,corpus_level_not_single_speaker
防呆指南,approved_hotword,,,approved,corpus_level_not_single_speaker
首发售罄,approved_hotword,,,approved,corpus_level_not_single_speaker
改变世界,collocation,166,18,corpus_candidate,corpus_level_not_single_speaker
这件事儿,collocation,150,27,corpus_candidate,corpus_level_not_single_speaker
拿到结果,collocation,142,28,corpus_candidate,corpus_level_not_single_speaker
江哥江哥,collocation,98,20,corpus_candidate,corpus_level_not_single_speaker
希望你好,collocation,94,26,corpus_candidate,corpus_level_not_single_speaker
事儿事儿,collocation,75,27,corpus_candidate,corpus_level_not_single_speaker
老板老板,collocation,72,24,corpus_candidate,corpus_level_not_single_speaker
大哥大哥,collocation,68,22,corpus_candidate,corpus_level_not_single_speaker
不行不行,collocation,67,22,corpus_candidate,corpus_level_not_single_speaker
朋友朋友,collocation,53,21,corpus_candidate,corpus_level_not_single_speaker
赚钱赚钱,collocation,51,18,corpus_candidate,corpus_level_not_single_speaker
过去未来,collocation,51,20,corpus_candidate,corpus_level_not_single_speaker
重要重要,collocation,51,20,corpus_candidate,corpus_level_not_single_speaker
工作工作,collocation,49,11,corpus_candidate,corpus_level_not_single_speaker
希望希望,collocation,48,22,corpus_candidate,corpus_level_not_single_speaker
结果结果,collocation,48,20,corpus_candidate,corpus_level_not_single_speaker
不要不要,collocation,47,19,corpus_candidate,corpus_level_not_single_speaker
兄弟兄弟,collocation,44,18,corpus_candidate,corpus_level_not_single_speaker
感谢大哥,collocation,43,13,corpus_candidate,corpus_level_not_single_speaker
气运气运,collocation,42,13,corpus_candidate,corpus_level_not_single_speaker
创造价值,collocation,41,17,corpus_candidate,corpus_level_not_single_speaker
尊重尊重,collocation,41,15,corpus_candidate,corpus_level_not_single_speaker
看到看到,collocation,40,19,corpus_candidate,corpus_level_not_single_speaker
世界世界,collocation,38,18,corpus_candidate,corpus_level_not_single_speaker
开心开心,collocation,38,19,corpus_candidate,corpus_level_not_single_speaker
这场直播,collocation,37,14,corpus_candidate,corpus_level_not_single_speaker
道理道理,collocation,37,13,corpus_candidate,corpus_level_not_single_speaker
人生路上,collocation,36,13,corpus_candidate,corpus_level_not_single_speaker
老王老王,collocation,36,8,corpus_candidate,corpus_level_not_single_speaker
人生攻略,collocation,35,10,corpus_candidate,corpus_level_not_single_speaker
还有还有,collocation,35,16,corpus_candidate,corpus_level_not_single_speaker
兄弟江哥,collocation,34,14,corpus_candidate,corpus_level_not_single_speaker
金钱观念,collocation,34,4,corpus_candidate,corpus_level_not_single_speaker
不会不会,collocation,33,17,corpus_candidate,corpus_level_not_single_speaker
二级市场,collocation,33,3,corpus_candidate,corpus_level_not_single_speaker
思考思考,collocation,33,14,corpus_candidate,corpus_level_not_single_speaker
父母父母,collocation,32,12,corpus_candidate,corpus_level_not_single_speaker
理由理由,collocation,32,6,corpus_candidate,corpus_level_not_single_speaker
未来人生,collocation,31,15,corpus_candidate,corpus_level_not_single_speaker
气运流转,collocation,31,12,corpus_candidate,corpus_level_not_single_speaker
老师老师,collocation,31,9,corpus_candidate,corpus_level_not_single_speaker
AI时代,collocation,30,9,corpus_candidate,corpus_level_not_single_speaker
个人个人,collocation,30,14,corpus_candidate,corpus_level_not_single_speaker
改变改变,collocation,30,14,corpus_candidate,corpus_level_not_single_speaker
狩猎范围,collocation,30,8,corpus_candidate,corpus_level_not_single_speaker
礼物礼物,collocation,30,14,corpus_candidate,corpus_level_not_single_speaker
过程当中,collocation,30,3,corpus_candidate,corpus_level_not_single_speaker
不能不能,collocation,29,15,corpus_candidate,corpus_level_not_single_speaker
公司公司,collocation,29,18,corpus_candidate,corpus_level_not_single_speaker
告诉告诉,collocation,29,16,corpus_candidate,corpus_level_not_single_speaker
块钱块钱,collocation,29,13,corpus_candidate,corpus_level_not_single_speaker
选择选择,collocation,29,18,corpus_candidate,corpus_level_not_single_speaker
准备礼物,collocation,28,10,corpus_candidate,corpus_level_not_single_speaker
努力努力,collocation,28,14,corpus_candidate,corpus_level_not_single_speaker
感觉感觉,collocation,28,11,corpus_candidate,corpus_level_not_single_speaker
大哥栽培,collocation,27,9,corpus_candidate,corpus_level_not_single_speaker
好人失望,collocation,27,9,corpus_candidate,corpus_level_not_single_speaker
家族基金,collocation,27,5,corpus_candidate,corpus_level_not_single_speaker
感受世界,collocation,27,14,corpus_candidate,corpus_level_not_single_speaker
未来未来,collocation,27,15,corpus_candidate,corpus_level_not_single_speaker
气运叠加,collocation,27,8,corpus_candidate,corpus_level_not_single_speaker
身边朋友,collocation,27,18,corpus_candidate,corpus_level_not_single_speaker
人生人生,collocation,26,14,corpus_candidate,corpus_level_not_single_speaker
发现反馈,collocation,26,7,corpus_candidate,corpus_level_not_single_speaker
希望所有人,collocation,26,13,corpus_candidate,corpus_level_not_single_speaker
感受感受,collocation,26,10,corpus_candidate,corpus_level_not_single_speaker
经历经历,collocation,26,14,corpus_candidate,corpus_level_not_single_speaker
需要理由,collocation,26,8,corpus_candidate,corpus_level_not_single_speaker
不要江哥,collocation,25,16,corpus_candidate,corpus_level_not_single_speaker
世界改变,collocation,25,10,corpus_candidate,corpus_level_not_single_speaker
世界礼物,collocation,25,3,corpus_candidate,corpus_level_not_single_speaker
对错好坏,collocation,25,7,corpus_candidate,corpus_level_not_single_speaker
想要想要,collocation,25,14,corpus_candidate,corpus_level_not_single_speaker
探索世界,collocation,25,11,corpus_candidate,corpus_level_not_single_speaker
无比希望,collocation,25,7,corpus_candidate,corpus_level_not_single_speaker
时间时间,collocation,25,13,corpus_candidate,corpus_level_not_single_speaker
有钱穷人,collocation,25,6,corpus_candidate,corpus_level_not_single_speaker
江哥直播,collocation,25,12,corpus_candidate,corpus_level_not_single_speaker
父母关系,collocation,25,12,corpus_candidate,corpus_level_not_single_speaker
认识朋友,collocation,25,14,corpus_candidate,corpus_level_not_single_speaker
孩子孩子,collocation,24,7,corpus_candidate,corpus_level_not_single_speaker
视角看待,collocation,24,14,corpus_candidate,corpus_level_not_single_speaker
不让好人,collocation,23,8,corpus_candidate,corpus_level_not_single_speaker
价值价值,collocation,23,9,corpus_candidate,corpus_level_not_single_speaker
关系关系,collocation,23,15,corpus_candidate,corpus_level_not_single_speaker
原生家庭,collocation,23,9,corpus_candidate,corpus_level_not_single_speaker
想法想法,collocation,23,12,corpus_candidate,corpus_level_not_single_speaker
故事故事,collocation,23,13,corpus_candidate,corpus_level_not_single_speaker
面对世界,collocation,23,11,corpus_candidate,corpus_level_not_single_speaker
中年危机,collocation,22,4,corpus_candidate,corpus_level_not_single_speaker
发生事儿,collocation,22,16,corpus_candidate,corpus_level_not_single_speaker
家庭关系,collocation,22,8,corpus_candidate,corpus_level_not_single_speaker
江哥事儿,collocation,22,11,corpus_candidate,corpus_level_not_single_speaker
答案答案,collocation,22,12,corpus_candidate,corpus_level_not_single_speaker
贵人贵人,collocation,22,12,corpus_candidate,corpus_level_not_single_speaker
世界关系,collocation,21,10,corpus_candidate,corpus_level_not_single_speaker
人生重要,collocation,21,13,corpus_candidate,corpus_level_not_single_speaker
分享分享,collocation,21,8,corpus_candidate,corpus_level_not_single_speaker
希望江哥,collocation,21,11,corpus_candidate,corpus_level_not_single_speaker
意义价值,collocation,21,11,corpus_candidate,corpus_level_not_single_speaker
树林树林,collocation,21,11,corpus_candidate,corpus_level_not_single_speaker
父母孩子,collocation,21,9,corpus_candidate,corpus_level_not_single_speaker
痛苦痛苦,collocation,21,10,corpus_candidate,corpus_level_not_single_speaker
nono,collocation,20,6,corpus_candidate,corpus_level_not_single_speaker
不到结果,collocation,20,7,corpus_candidate,corpus_level_not_single_speaker
事儿江哥,collocation,20,12,corpus_candidate,corpus_level_not_single_speaker
人家人家,collocation,20,13,corpus_candidate,corpus_level_not_single_speaker
人生贵人,collocation,20,11,corpus_candidate,corpus_level_not_single_speaker
人生阶段,collocation,20,14,corpus_candidate,corpus_level_not_single_speaker
城市城市,collocation,20,9,corpus_candidate,corpus_level_not_single_speaker
寻找答案,collocation,20,9,corpus_candidate,corpus_level_not_single_speaker
希望开心,collocation,20,9,corpus_candidate,corpus_level_not_single_speaker
影响影响,collocation,20,11,corpus_candidate,corpus_level_not_single_speaker
总结总结,collocation,20,8,corpus_candidate,corpus_level_not_single_speaker
所有事儿,collocation,20,15,corpus_candidate,corpus_level_not_single_speaker
经历事儿,collocation,20,15,corpus_candidate,corpus_level_not_single_speaker
认识认识,collocation,20,11,corpus_candidate,corpus_level_not_single_speaker
不要小瞧,collocation,19,12,corpus_candidate,corpus_level_not_single_speaker
介绍介绍,collocation,19,12,corpus_candidate,corpus_level_not_single_speaker
变得美好,collocation,19,7,corpus_candidate,corpus_level_not_single_speaker
思考人生,collocation,19,11,corpus_candidate,corpus_level_not_single_speaker
我会我会,collocation,19,11,corpus_candidate,corpus_level_not_single_speaker
投资投资,collocation,19,10,corpus_candidate,corpus_level_not_single_speaker
气运加一,collocation,19,12,corpus_candidate,corpus_level_not_single_speaker
解决所有,collocation,19,11,corpus_candidate,corpus_level_not_single_speaker
财富财富,collocation,19,7,corpus_candidate,corpus_level_not_single_speaker
世界变得,collocation,18,9,corpus_candidate,corpus_level_not_single_speaker
世界所有,collocation,18,7,corpus_candidate,corpus_level_not_single_speaker
付出努力,collocation,18,10,corpus_candidate,corpus_level_not_single_speaker
优秀优秀,collocation,18,8,corpus_candidate,corpus_level_not_single_speaker
反馈获得,collocation,18,8,corpus_candidate,corpus_level_not_single_speaker
告诉江哥,collocation,18,12,corpus_candidate,corpus_level_not_single_speaker
情绪价值,collocation,18,10,corpus_candidate,corpus_level_not_single_speaker
琢磨琢磨,collocation,18,11,corpus_candidate,corpus_level_not_single_speaker
看看看看,collocation,18,9,corpus_candidate,corpus_level_not_single_speaker
赚钱机会,collocation,18,10,corpus_candidate,corpus_level_not_single_speaker
公司老板,collocation,17,10,corpus_candidate,corpus_level_not_single_speaker
周期性视角,collocation,17,4,corpus_candidate,corpus_level_not_single_speaker
喜欢喜欢,collocation,17,11,corpus_candidate,corpus_level_not_single_speaker
当时当时,collocation,17,7,corpus_candidate,corpus_level_not_single_speaker
想尽一切办法,collocation,17,9,corpus_candidate,corpus_level_not_single_speaker
想要结果,collocation,17,8,corpus_candidate,corpus_level_not_single_speaker
意识种子,collocation,17,4,corpus_candidate,corpus_level_not_single_speaker
成为朋友,collocation,17,11,corpus_candidate,corpus_level_not_single_speaker
拜拜拜拜,collocation,17,8,corpus_candidate,corpus_level_not_single_speaker
有点有点,collocation,17,13,corpus_candidate,corpus_level_not_single_speaker
江哥人生,collocation,17,9,corpus_candidate,corpus_level_not_single_speaker
江哥兄弟,collocation,17,12,corpus_candidate,corpus_level_not_single_speaker
结果过程,collocation,17,7,corpus_candidate,corpus_level_not_single_speaker
肯定不行,collocation,17,11,corpus_candidate,corpus_level_not_single_speaker
视角来看,collocation,17,6,corpus_candidate,corpus_level_not_single_speaker
视角视角,collocation,17,10,corpus_candidate,corpus_level_not_single_speaker
过去经历,collocation,17,12,corpus_candidate,corpus_level_not_single_speaker
这帮兄弟,collocation,17,10,corpus_candidate,corpus_level_not_single_speaker
需要需要,collocation,17,13,corpus_candidate,corpus_level_not_single_speaker
不用不用,collocation,16,6,corpus_candidate,corpus_level_not_single_speaker
买单买单,collocation,16,8,corpus_candidate,corpus_level_not_single_speaker
人生算法,collocation,16,10,corpus_candidate,corpus_level_not_single_speaker
关键节点,collocation,16,6,corpus_candidate,corpus_level_not_single_speaker
告诉人生,collocation,16,9,corpus_candidate,corpus_level_not_single_speaker
希望世界,collocation,16,9,corpus_candidate,corpus_level_not_single_speaker
干嘛干嘛,collocation,16,8,corpus_candidate,corpus_level_not_single_speaker
提前布局,collocation,16,6,corpus_candidate,corpus_level_not_single_speaker
支持支持,collocation,16,8,corpus_candidate,corpus_level_not_single_speaker
最好最好,collocation,16,8,corpus_candidate,corpus_level_not_single_speaker
江哥赚钱,collocation,16,7,corpus_candidate,corpus_level_not_single_speaker
环境环境,collocation,16,8,corpus_candidate,corpus_level_not_single_speaker
相信相信,collocation,16,6,corpus_candidate,corpus_level_not_single_speaker
经历所有,collocation,16,8,corpus_candidate,corpus_level_not_single_speaker
规矩规矩,collocation,16,9,corpus_candidate,corpus_level_not_single_speaker
这帮学生,collocation,16,8,corpus_candidate,corpus_level_not_single_speaker
遇到事儿,collocation,16,11,corpus_candidate,corpus_level_not_single_speaker
阶段阶段,collocation,16,10,corpus_candidate,corpus_level_not_single_speaker
事儿不能,collocation,15,8,corpus_candidate,corpus_level_not_single_speaker
事儿不行,collocation,15,10,corpus_candidate,corpus_level_not_single_speaker
人生锚点,collocation,15,3,corpus_candidate,corpus_level_not_single_speaker
做到做到,collocation,15,9,corpus_candidate,corpus_level_not_single_speaker
兄弟告诉,collocation,15,10,corpus_candidate,corpus_level_not_single_speaker
出去出去,collocation,15,8,corpus_candidate,corpus_level_not_single_speaker
出来出来,collocation,15,10,corpus_candidate,corpus_level_not_single_speaker
听懂听懂,collocation,15,10,corpus_candidate,corpus_level_not_single_speaker
坚持坚持,collocation,15,8,corpus_candidate,corpus_level_not_single_speaker
带来改变,collocation,15,7,corpus_candidate,corpus_level_not_single_speaker
想象不到,collocation,15,9,corpus_candidate,corpus_level_not_single_speaker
意义意义,collocation,15,9,corpus_candidate,corpus_level_not_single_speaker
成为成为,collocation,15,4,corpus_candidate,corpus_level_not_single_speaker
房子房子,collocation,15,6,corpus_candidate,corpus_level_not_single_speaker
所有苦难,collocation,15,10,corpus_candidate,corpus_level_not_single_speaker
无限叠加,collocation,15,3,corpus_candidate,corpus_level_not_single_speaker
求真求真,collocation,15,8,corpus_candidate,corpus_level_not_single_speaker
江哥告诉,collocation,15,11,corpus_candidate,corpus_level_not_single_speaker
江哥气运,collocation,15,11,corpus_candidate,corpus_level_not_single_speaker
江哥的话,collocation,15,11,corpus_candidate,corpus_level_not_single_speaker
深圳深圳,collocation,15,5,corpus_candidate,corpus_level_not_single_speaker
生活生活,collocation,15,8,corpus_candidate,corpus_level_not_single_speaker
直播内容,collocation,15,10,corpus_candidate,corpus_level_not_single_speaker
看能不能,collocation,15,11,corpus_candidate,corpus_level_not_single_speaker
礼物江哥,collocation,15,12,corpus_candidate,corpus_level_not_single_speaker
老板客户,collocation,15,9,corpus_candidate,corpus_level_not_single_speaker
这场游戏,collocation,15,9,corpus_candidate,corpus_level_not_single_speaker
黑暗丛林,collocation,15,5,corpus_candidate,corpus_level_not_single_speaker
人生折叠,collocation,14,4,corpus_candidate,corpus_level_not_single_speaker
人生选择,collocation,14,9,corpus_candidate,corpus_level_not_single_speaker
体验世界,collocation,14,8,corpus_candidate,corpus_level_not_single_speaker
做人做事,collocation,14,7,corpus_candidate,corpus_level_not_single_speaker
内耗内耗,collocation,14,9,corpus_candidate,corpus_level_not_single_speaker
准备准备,collocation,14,12,corpus_candidate,corpus_level_not_single_speaker
告诉世界,collocation,14,10,corpus_candidate,corpus_level_not_single_speaker
学习学习,collocation,14,12,corpus_candidate,corpus_level_not_single_speaker
孩子父母,collocation,14,4,corpus_candidate,corpus_level_not_single_speaker
希望不要,collocation,14,12,corpus_candidate,corpus_level_not_single_speaker
希望看到,collocation,14,11,corpus_candidate,corpus_level_not_single_speaker
感受感觉,collocation,14,10,corpus_candidate,corpus_level_not_single_speaker
愿意愿意,collocation,14,11,corpus_candidate,corpus_level_not_single_speaker
成功成功,collocation,14,8,corpus_candidate,corpus_level_not_single_speaker
我会思考,collocation,14,12,corpus_candidate,corpus_level_not_single_speaker
所有事物,collocation,14,11,corpus_candidate,corpus_level_not_single_speaker
改变人生,collocation,14,5,corpus_candidate,corpus_level_not_single_speaker
江哥不能,collocation,14,7,corpus_candidate,corpus_level_not_single_speaker
江哥干嘛,collocation,14,9,corpus_candidate,corpus_level_not_single_speaker
汽运加一,collocation,14,5,corpus_candidate,corpus_level_not_single_speaker
看到江哥,collocation,14,9,corpus_candidate,corpus_level_not_single_speaker
能力能力,collocation,14,10,corpus_candidate,corpus_level_not_single_speaker
记住江哥,collocation,14,8,corpus_candidate,corpus_level_not_single_speaker
证明证明,collocation,14,11,corpus_candidate,corpus_level_not_single_speaker
过程结果,collocation,14,10,corpus_candidate,corpus_level_not_single_speaker
选择生活,collocation,14,8,corpus_candidate,corpus_level_not_single_speaker
AIAI,collocation,13,5,corpus_candidate,corpus_level_not_single_speaker
上进理由,collocation,13,5,corpus_candidate,corpus_level_not_single_speaker
世界美好,collocation,13,9,corpus_candidate,corpus_level_not_single_speaker
事儿发生,collocation,13,8,corpus_candidate,corpus_level_not_single_speaker
人生体验,collocation,13,8,corpus_candidate,corpus_level_not_single_speaker
人生地图,collocation,13,6,corpus_candidate,corpus_level_not_single_speaker
体验人生,collocation,13,9,corpus_candidate,corpus_level_not_single_speaker
你好希望,collocation,13,9,corpus_candidate,corpus_level_not_single_speaker
例子例子,collocation,13,6,corpus_candidate,corpus_level_not_single_speaker
兄弟不要,collocation,13,10,corpus_candidate,corpus_level_not_single_speaker
后来发现,collocation,13,8,corpus_candidate,corpus_level_not_single_speaker
告诉事儿,collocation,13,10,corpus_candidate,corpus_level_not_single_speaker
告诉兄弟,collocation,13,9,corpus_candidate,corpus_level_not_single_speaker
城市发展,collocation,13,5,corpus_candidate,corpus_level_not_single_speaker
大哥兄弟,collocation,13,8,corpus_candidate,corpus_level_not_single_speaker
失败失败,collocation,13,7,corpus_candidate,corpus_level_not_single_speaker
家庭会议,collocation,13,2,corpus_candidate,corpus_level_not_single_speaker
家庭家庭,collocation,13,7,corpus_candidate,corpus_level_not_single_speaker
小时小时,collocation,13,6,corpus_candidate,corpus_level_not_single_speaker
希望未来,collocation,13,9,corpus_candidate,corpus_level_not_single_speaker
开始开始,collocation,13,9,corpus_candidate,corpus_level_not_single_speaker
当下贵人,collocation,13,6,corpus_candidate,corpus_level_not_single_speaker
影响家庭,collocation,13,4,corpus_candidate,corpus_level_not_single_speaker
影响父母,collocation,13,5,corpus_candidate,corpus_level_not_single_speaker
影响身边,collocation,13,9,corpus_candidate,corpus_level_not_single_speaker
得到得到,collocation,13,7,corpus_candidate,corpus_level_not_single_speaker
感谢感谢,collocation,13,8,corpus_candidate,corpus_level_not_single_speaker
成功失败,collocation,13,7,corpus_candidate,corpus_level_not_single_speaker
投资基金,collocation,13,7,corpus_candidate,corpus_level_not_single_speaker
攻略攻略,collocation,13,4,corpus_candidate,corpus_level_not_single_speaker
教育集团,collocation,13,3,corpus_candidate,corpus_level_not_single_speaker
有钱有钱,collocation,13,6,corpus_candidate,corpus_level_not_single_speaker
树林老王,collocation,13,3,corpus_candidate,corpus_level_not_single_speaker
毛病毛病,collocation,13,10,corpus_candidate,corpus_level_not_single_speaker
江哥不会,collocation,13,9,corpus_candidate,corpus_level_not_single_speaker
直播直播,collocation,13,11,corpus_candidate,corpus_level_not_single_speaker
结果买单,collocation,13,5,corpus_candidate,corpus_level_not_single_speaker
结果拿到,collocation,13,11,corpus_candidate,corpus_level_not_single_speaker
苦难苦难,collocation,13,6,corpus_candidate,corpus_level_not_single_speaker
财税公司,collocation,13,3,corpus_candidate,corpus_level_not_single_speaker
赋予意义,collocation,13,6,corpus_candidate,corpus_level_not_single_speaker
过去过去,collocation,13,9,corpus_candidate,corpus_level_not_single_speaker
追求追求,collocation,13,6,corpus_candidate,corpus_level_not_single_speaker
送礼送礼,collocation,13,3,corpus_candidate,corpus_level_not_single_speaker
通关攻略,collocation,13,9,corpus_candidate,corpus_level_not_single_speaker
遇到贵人,collocation,13,8,corpus_candidate,corpus_level_not_single_speaker
重要事儿,collocation,13,11,corpus_candidate,corpus_level_not_single_speaker
阿姨阿姨,collocation,13,5,corpus_candidate,corpus_level_not_single_speaker
难受难受,collocation,13,5,corpus_candidate,corpus_level_not_single_speaker
领导领导,collocation,13,4,corpus_candidate,corpus_level_not_single_speaker
不行不能,collocation,12,10,corpus_candidate,corpus_level_not_single_speaker
事儿我会,collocation,12,8,corpus_candidate,corpus_level_not_single_speaker
人生狩猎,collocation,12,6,corpus_candidate,corpus_level_not_single_speaker
做好准备,collocation,12,11,corpus_candidate,corpus_level_not_single_speaker
关系世界,collocation,12,8,corpus_candidate,corpus_level_not_single_speaker
北京北京,collocation,12,6,corpus_candidate,corpus_level_not_single_speaker
安排安排,collocation,12,9,corpus_candidate,corpus_level_not_single_speaker
客户客户,collocation,12,7,corpus_candidate,corpus_level_not_single_speaker
对得起对得起,collocation,12,6,corpus_candidate,corpus_level_not_single_speaker
思维想法,collocation,12,10,corpus_candidate,corpus_level_not_single_speaker
我会不会,collocation,12,9,corpus_candidate,corpus_level_not_single_speaker
拥有拥有,collocation,12,9,corpus_candidate,corpus_level_not_single_speaker
无心为善,collocation,12,5,corpus_candidate,corpus_level_not_single_speaker
时间浪费,collocation,12,10,corpus_candidate,corpus_level_not_single_speaker
最好不要,collocation,12,9,corpus_candidate,corpus_level_not_single_speaker
汽运这件,collocation,12,4,corpus_candidate,corpus_level_not_single_speaker
深圳城市,collocation,12,4,corpus_candidate,corpus_level_not_single_speaker
看看有没有,collocation,12,10,corpus_candidate,corpus_level_not_single_speaker
老板公司,collocation,12,7,corpus_candidate,corpus_level_not_single_speaker
肯定肯定,collocation,12,6,corpus_candidate,corpus_level_not_single_speaker
获得收益,collocation,12,10,corpus_candidate,corpus_level_not_single_speaker
遇到遇到,collocation,12,10,corpus_candidate,corpus_level_not_single_speaker
项目项目,collocation,12,9,corpus_candidate,corpus_level_not_single_speaker
江哥,frequent_token,1965,31,corpus_candidate,corpus_level_not_single_speaker
事儿,frequent_token,1611,32,corpus_candidate,corpus_level_not_single_speaker
人生,frequent_token,1502,31,corpus_candidate,corpus_level_not_single_speaker
世界,frequent_token,1146,32,corpus_candidate,corpus_level_not_single_speaker
希望,frequent_token,1089,32,corpus_candidate,corpus_level_not_single_speaker
兄弟,frequent_token,1076,32,corpus_candidate,corpus_level_not_single_speaker
不能,frequent_token,1042,32,corpus_candidate,corpus_level_not_single_speaker
不要,frequent_token,1039,32,corpus_candidate,corpus_level_not_single_speaker
告诉,frequent_token,938,32,corpus_candidate,corpus_level_not_single_speaker
所有,frequent_token,879,32,corpus_candidate,corpus_level_not_single_speaker
未来,frequent_token,725,31,corpus_candidate,corpus_level_not_single_speaker
看到,frequent_token,719,32,corpus_candidate,corpus_level_not_single_speaker
赚钱,frequent_token,713,31,corpus_candidate,corpus_level_not_single_speaker
父母,frequent_token,712,31,corpus_candidate,corpus_level_not_single_speaker
结果,frequent_token,694,32,corpus_candidate,corpus_level_not_single_speaker
老板,frequent_token,694,29,corpus_candidate,corpus_level_not_single_speaker
大哥,frequent_token,675,30,corpus_candidate,corpus_level_not_single_speaker
朋友,frequent_token,656,32,corpus_candidate,corpus_level_not_single_speaker
不行,frequent_token,654,31,corpus_candidate,corpus_level_not_single_speaker
的话,frequent_token,643,32,corpus_candidate,corpus_level_not_single_speaker
时间,frequent_token,605,32,corpus_candidate,corpus_level_not_single_speaker
公司,frequent_token,600,32,corpus_candidate,corpus_level_not_single_speaker
还有,frequent_token,600,32,corpus_candidate,corpus_level_not_single_speaker
重要,frequent_token,596,30,corpus_candidate,corpus_level_not_single_speaker
不会,frequent_token,592,32,corpus_candidate,corpus_level_not_single_speaker
这件,frequent_token,573,32,corpus_candidate,corpus_level_not_single_speaker
气运,frequent_token,533,27,corpus_candidate,corpus_level_not_single_speaker
改变,frequent_token,518,29,corpus_candidate,corpus_level_not_single_speaker
是不是,frequent_token,512,31,corpus_candidate,corpus_level_not_single_speaker
发现,frequent_token,508,32,corpus_candidate,corpus_level_not_single_speaker
出来,frequent_token,494,32,corpus_candidate,corpus_level_not_single_speaker
感觉,frequent_token,494,31,corpus_candidate,corpus_level_not_single_speaker
我会,frequent_token,494,32,corpus_candidate,corpus_level_not_single_speaker
选择,frequent_token,487,31,corpus_candidate,corpus_level_not_single_speaker
关系,frequent_token,475,31,corpus_candidate,corpus_level_not_single_speaker
地方,frequent_token,457,32,corpus_candidate,corpus_level_not_single_speaker
想法,frequent_token,454,31,corpus_candidate,corpus_level_not_single_speaker
肯定,frequent_token,439,32,corpus_candidate,corpus_level_not_single_speaker
工作,frequent_token,433,32,corpus_candidate,corpus_level_not_single_speaker
价值,frequent_token,414,28,corpus_candidate,corpus_level_not_single_speaker
看看,frequent_token,414,32,corpus_candidate,corpus_level_not_single_speaker
思考,frequent_token,409,32,corpus_candidate,corpus_level_not_single_speaker
想要,frequent_token,404,31,corpus_candidate,corpus_level_not_single_speaker
努力,frequent_token,400,32,corpus_candidate,corpus_level_not_single_speaker
经历,frequent_token,399,32,corpus_candidate,corpus_level_not_single_speaker
有没有,frequent_token,397,31,corpus_candidate,corpus_level_not_single_speaker
成为,frequent_token,388,30,corpus_candidate,corpus_level_not_single_speaker
直播,frequent_token,387,31,corpus_candidate,corpus_level_not_single_speaker
人家,frequent_token,383,31,corpus_candidate,corpus_level_not_single_speaker
感受,frequent_token,383,32,corpus_candidate,corpus_level_not_single_speaker
需要,frequent_token,383,31,corpus_candidate,corpus_level_not_single_speaker
找到,frequent_token,382,31,corpus_candidate,corpus_level_not_single_speaker
当时,frequent_token,377,32,corpus_candidate,corpus_level_not_single_speaker
孩子,frequent_token,372,28,corpus_candidate,corpus_level_not_single_speaker
道理,frequent_token,372,30,corpus_candidate,corpus_level_not_single_speaker
所有人,frequent_token,369,31,corpus_candidate,corpus_level_not_single_speaker
比如说,frequent_token,369,31,corpus_candidate,corpus_level_not_single_speaker
城市,frequent_token,362,27,corpus_candidate,corpus_level_not_single_speaker
能力,frequent_token,361,30,corpus_candidate,corpus_level_not_single_speaker
开始,frequent_token,359,30,corpus_candidate,corpus_level_not_single_speaker
视角,frequent_token,357,28,corpus_candidate,corpus_level_not_single_speaker
影响,frequent_token,351,31,corpus_candidate,corpus_level_not_single_speaker
过去,frequent_token,346,32,corpus_candidate,corpus_level_not_single_speaker
老师,frequent_token,345,27,corpus_candidate,corpus_level_not_single_speaker
干嘛,frequent_token,342,31,corpus_candidate,corpus_level_not_single_speaker
AI,frequent_token,335,19,corpus_candidate,corpus_level_not_single_speaker
礼物,frequent_token,334,27,corpus_candidate,corpus_level_not_single_speaker
开心,frequent_token,332,31,corpus_candidate,corpus_level_not_single_speaker
个人,frequent_token,325,32,corpus_candidate,corpus_level_not_single_speaker
家庭,frequent_token,320,31,corpus_candidate,corpus_level_not_single_speaker
简单,frequent_token,317,29,corpus_candidate,corpus_level_not_single_speaker
获得,frequent_token,317,29,corpus_candidate,corpus_level_not_single_speaker
身边,frequent_token,311,32,corpus_candidate,corpus_level_not_single_speaker
遇到,frequent_token,309,32,corpus_candidate,corpus_level_not_single_speaker
感谢,frequent_token,302,29,corpus_candidate,corpus_level_not_single_speaker
贵人,frequent_token,302,29,corpus_candidate,corpus_level_not_single_speaker
机会,frequent_token,298,30,corpus_candidate,corpus_level_not_single_speaker
资源,frequent_token,297,29,corpus_candidate,corpus_level_not_single_speaker
不了,frequent_token,296,32,corpus_candidate,corpus_level_not_single_speaker
树林,frequent_token,296,28,corpus_candidate,corpus_level_not_single_speaker
故事,frequent_token,287,31,corpus_candidate,corpus_level_not_single_speaker
发生,frequent_token,285,31,corpus_candidate,corpus_level_not_single_speaker
认识,frequent_token,280,32,corpus_candidate,corpus_level_not_single_speaker
起来,frequent_token,279,31,corpus_candidate,corpus_level_not_single_speaker
解决,frequent_token,274,32,corpus_candidate,corpus_level_not_single_speaker
才能,frequent_token,273,32,corpus_candidate,corpus_level_not_single_speaker
生活,frequent_token,273,30,corpus_candidate,corpus_level_not_single_speaker
得到,frequent_token,269,32,corpus_candidate,corpus_level_not_single_speaker
环境,frequent_token,268,26,corpus_candidate,corpus_level_not_single_speaker
老妈,frequent_token,267,19,corpus_candidate,corpus_level_not_single_speaker
社会,frequent_token,266,29,corpus_candidate,corpus_level_not_single_speaker
最好,frequent_token,265,32,corpus_candidate,corpus_level_not_single_speaker
投资,frequent_token,262,29,corpus_candidate,corpus_level_not_single_speaker
财富,frequent_token,262,25,corpus_candidate,corpus_level_not_single_speaker
分享,frequent_token,261,28,corpus_candidate,corpus_level_not_single_speaker
成功,frequent_token,261,27,corpus_candidate,corpus_level_not_single_speaker
过程,frequent_token,259,28,corpus_candidate,corpus_level_not_single_speaker
怎么办,frequent_token,258,31,corpus_candidate,corpus_level_not_single_speaker
理由,frequent_token,255,25,corpus_candidate,corpus_level_not_single_speaker
不想,frequent_token,252,32,corpus_candidate,corpus_level_not_single_speaker
有点,frequent_token,244,30,corpus_candidate,corpus_level_not_single_speaker
金钱,frequent_token,243,25,corpus_candidate,corpus_level_not_single_speaker
不用,frequent_token,242,32,corpus_candidate,corpus_level_not_single_speaker
逻辑,frequent_token,242,27,corpus_candidate,corpus_level_not_single_speaker
学习,frequent_token,240,25,corpus_candidate,corpus_level_not_single_speaker
内容,frequent_token,239,29,corpus_candidate,corpus_level_not_single_speaker
过来,frequent_token,238,30,corpus_candidate,corpus_level_not_single_speaker
信息,frequent_token,235,26,corpus_candidate,corpus_level_not_single_speaker
听懂,frequent_token,235,25,corpus_candidate,corpus_level_not_single_speaker
成就,frequent_token,235,25,corpus_candidate,corpus_level_not_single_speaker
记住,frequent_token,232,27,corpus_candidate,corpus_level_not_single_speaker
优秀,frequent_token,230,28,corpus_candidate,corpus_level_not_single_speaker
老王,frequent_token,230,24,corpus_candidate,corpus_level_not_single_speaker
出去,frequent_token,229,29,corpus_candidate,corpus_level_not_single_speaker
拿到,frequent_token,227,30,corpus_candidate,corpus_level_not_single_speaker
答案,frequent_token,224,30,corpus_candidate,corpus_level_not_single_speaker
痛苦,frequent_token,222,30,corpus_candidate,corpus_level_not_single_speaker
意思,frequent_token,219,31,corpus_candidate,corpus_level_not_single_speaker
追求,frequent_token,215,24,corpus_candidate,corpus_level_not_single_speaker
有钱,frequent_token,213,29,corpus_candidate,corpus_level_not_single_speaker
做到,frequent_token,212,28,corpus_candidate,corpus_level_not_single_speaker
尊重,frequent_token,208,27,corpus_candidate,corpus_level_not_single_speaker
决定,frequent_token,206,31,corpus_candidate,corpus_level_not_single_speaker
教育,frequent_token,206,26,corpus_candidate,corpus_level_not_single_speaker
情况,frequent_token,204,26,corpus_candidate,corpus_level_not_single_speaker
拥有,frequent_token,204,30,corpus_candidate,corpus_level_not_single_speaker
汽运,frequent_token,203,22,corpus_candidate,corpus_level_not_single_speaker
发展,frequent_token,202,31,corpus_candidate,corpus_level_not_single_speaker
不到,frequent_token,200,29,corpus_candidate,corpus_level_not_single_speaker
你好,frequent_token,199,30,corpus_candidate,corpus_level_not_single_speaker
厉害,frequent_token,199,28,corpus_candidate,corpus_level_not_single_speaker
回来,frequent_token,199,30,corpus_candidate,corpus_level_not_single_speaker
行业,frequent_token,195,29,corpus_candidate,corpus_level_not_single_speaker
变得,frequent_token,194,30,corpus_candidate,corpus_level_not_single_speaker
意义,frequent_token,194,29,corpus_candidate,corpus_level_not_single_speaker
路上,frequent_token,194,24,corpus_candidate,corpus_level_not_single_speaker
代表,frequent_token,193,32,corpus_candidate,corpus_level_not_single_speaker
块钱,frequent_token,193,27,corpus_candidate,corpus_level_not_single_speaker
直接,frequent_token,193,29,corpus_candidate,corpus_level_not_single_speaker
认知,frequent_token,192,27,corpus_candidate,corpus_level_not_single_speaker
规矩,frequent_token,191,25,corpus_candidate,corpus_level_not_single_speaker
体验,frequent_token,190,26,corpus_candidate,corpus_level_not_single_speaker
支持,frequent_token,190,27,corpus_candidate,corpus_level_not_single_speaker
阶段,frequent_token,188,28,corpus_candidate,corpus_level_not_single_speaker
办法,frequent_token,187,32,corpus_candidate,corpus_level_not_single_speaker
面对,frequent_token,187,28,corpus_candidate,corpus_level_not_single_speaker
吃饭,frequent_token,186,27,corpus_candidate,corpus_level_not_single_speaker
经验,frequent_token,186,27,corpus_candidate,corpus_level_not_single_speaker
没关系,frequent_token,185,30,corpus_candidate,corpus_level_not_single_speaker
创业,frequent_token,183,27,corpus_candidate,corpus_level_not_single_speaker
样子,frequent_token,183,30,corpus_candidate,corpus_level_not_single_speaker
音乐,frequent_token,182,28,corpus_candidate,corpus_level_not_single_speaker
意识,frequent_token,181,26,corpus_candidate,corpus_level_not_single_speaker
儿子,frequent_token,180,27,corpus_candidate,corpus_level_not_single_speaker
判断,frequent_token,180,25,corpus_candidate,corpus_level_not_single_speaker
家族,frequent_token,180,22,corpus_candidate,corpus_level_not_single_speaker
愿意,frequent_token,180,29,corpus_candidate,corpus_level_not_single_speaker
帮助,frequent_token,179,27,corpus_candidate,corpus_level_not_single_speaker
爸妈,frequent_token,178,25,corpus_candidate,corpus_level_not_single_speaker
项目,frequent_token,176,26,corpus_candidate,corpus_level_not_single_speaker
付出,frequent_token,175,27,corpus_candidate,corpus_level_not_single_speaker
时代,frequent_token,173,21,corpus_candidate,corpus_level_not_single_speaker
下来,frequent_token,172,30,corpus_candidate,corpus_level_not_single_speaker
确实,frequent_token,172,29,corpus_candidate,corpus_level_not_single_speaker
方式,frequent_token,171,30,corpus_candidate,corpus_level_not_single_speaker
继续,frequent_token,171,30,corpus_candidate,corpus_level_not_single_speaker
准备,frequent_token,170,27,corpus_candidate,corpus_level_not_single_speaker
证明,frequent_token,169,29,corpus_candidate,corpus_level_not_single_speaker
想想,frequent_token,168,32,corpus_candidate,corpus_level_not_single_speaker
学校,frequent_token,166,25,corpus_candidate,corpus_level_not_single_speaker
看一看,frequent_token,166,31,corpus_candidate,corpus_level_not_single_speaker
客户,frequent_token,164,26,corpus_candidate,corpus_level_not_single_speaker
比如,frequent_token,164,31,corpus_candidate,corpus_level_not_single_speaker
喜欢,frequent_token,163,28,corpus_candidate,corpus_level_not_single_speaker
行为,frequent_token,163,29,corpus_candidate,corpus_level_not_single_speaker
好像,frequent_token,162,31,corpus_candidate,corpus_level_not_single_speaker
接下来,frequent_token,162,31,corpus_candidate,corpus_level_not_single_speaker
内耗,frequent_token,161,22,corpus_candidate,corpus_level_not_single_speaker
深圳,frequent_token,160,13,corpus_candidate,corpus_level_not_single_speaker
力量,frequent_token,159,21,corpus_candidate,corpus_level_not_single_speaker
不同,frequent_token,158,30,corpus_candidate,corpus_level_not_single_speaker
杭州,frequent_token,156,27,corpus_candidate,corpus_level_not_single_speaker
当下,frequent_token,155,25,corpus_candidate,corpus_level_not_single_speaker
做好,frequent_token,154,30,corpus_candidate,corpus_level_not_single_speaker
学生,frequent_token,154,26,corpus_candidate,corpus_level_not_single_speaker
快乐,frequent_token,154,25,corpus_candidate,corpus_level_not_single_speaker
所谓,frequent_token,154,28,corpus_candidate,corpus_level_not_single_speaker
玩意儿,frequent_token,154,29,corpus_candidate,corpus_level_not_single_speaker
方法,frequent_token,153,28,corpus_candidate,corpus_level_not_single_speaker
今年,frequent_token,152,25,corpus_candidate,corpus_level_not_single_speaker
在于,frequent_token,152,31,corpus_candidate,corpus_level_not_single_speaker
大学,frequent_token,151,26,corpus_candidate,corpus_level_not_single_speaker
攻略,frequent_token,151,21,corpus_candidate,corpus_level_not_single_speaker
买单,frequent_token,147,27,corpus_candidate,corpus_level_not_single_speaker
年轻人,frequent_token,147,25,corpus_candidate,corpus_level_not_single_speaker
苦难,frequent_token,146,23,corpus_candidate,corpus_level_not_single_speaker
链接,frequent_token,145,25,corpus_candidate,corpus_level_not_single_speaker
相信,frequent_token,144,24,corpus_candidate,corpus_level_not_single_speaker
变成,frequent_token,142,28,corpus_candidate,corpus_level_not_single_speaker
家里,frequent_token,142,29,corpus_candidate,corpus_level_not_single_speaker
幸运,frequent_token,140,24,corpus_candidate,corpus_level_not_single_speaker
目标,frequent_token,140,25,corpus_candidate,corpus_level_not_single_speaker
总结,frequent_token,139,25,corpus_candidate,corpus_level_not_single_speaker
懂吗,frequent_token,138,25,corpus_candidate,corpus_level_not_single_speaker
认可,frequent_token,138,25,corpus_candidate,corpus_level_not_single_speaker
失败,frequent_token,136,23,corpus_candidate,corpus_level_not_single_speaker
提前,frequent_token,136,25,corpus_candidate,corpus_level_not_single_speaker
好人,frequent_token,135,28,corpus_candidate,corpus_level_not_single_speaker
就行了,frequent_token,135,27,corpus_candidate,corpus_level_not_single_speaker
带来,frequent_token,135,29,corpus_candidate,corpus_level_not_single_speaker
介绍,frequent_token,134,24,corpus_candidate,corpus_level_not_single_speaker
善意,frequent_token,134,22,corpus_candidate,corpus_level_not_single_speaker
干什么,frequent_token,133,32,corpus_candidate,corpus_level_not_single_speaker
位置,frequent_token,131,28,corpus_candidate,corpus_level_not_single_speaker
放在,frequent_token,131,27,corpus_candidate,corpus_level_not_single_speaker
电商,frequent_token,130,23,corpus_candidate,corpus_level_not_single_speaker
全部,frequent_token,129,28,corpus_candidate,corpus_level_not_single_speaker
合作,frequent_token,129,26,corpus_candidate,corpus_level_not_single_speaker
身上,frequent_token,129,31,corpus_candidate,corpus_level_not_single_speaker
需求,frequent_token,129,17,corpus_candidate,corpus_level_not_single_speaker
家人,frequent_token,128,28,corpus_candidate,corpus_level_not_single_speaker
无限,frequent_token,128,21,corpus_candidate,corpus_level_not_single_speaker
期待,frequent_token,127,27,corpus_candidate,corpus_level_not_single_speaker
要求,frequent_token,126,24,corpus_candidate,corpus_level_not_single_speaker
值得,frequent_token,125,24,corpus_candidate,corpus_level_not_single_speaker
只能,frequent_token,125,31,corpus_candidate,corpus_level_not_single_speaker
容易,frequent_token,125,29,corpus_candidate,corpus_level_not_single_speaker
接受,frequent_token,125,26,corpus_candidate,corpus_level_not_single_speaker
不让,frequent_token,124,24,corpus_candidate,corpus_level_not_single_speaker
包括,frequent_token,123,28,corpus_candidate,corpus_level_not_single_speaker
后来,frequent_token,121,27,corpus_candidate,corpus_level_not_single_speaker
但凡,frequent_token,120,28,corpus_candidate,corpus_level_not_single_speaker
反馈,frequent_token,120,25,corpus_candidate,corpus_level_not_single_speaker
同学,frequent_token,119,23,corpus_candidate,corpus_level_not_single_speaker
很大,frequent_token,119,28,corpus_candidate,corpus_level_not_single_speaker
状态,frequent_token,119,29,corpus_candidate,corpus_level_not_single_speaker
看待,frequent_token,119,27,corpus_candidate,corpus_level_not_single_speaker
好吃,frequent_token,117,23,corpus_candidate,corpus_level_not_single_speaker
收益,frequent_token,117,24,corpus_candidate,corpus_level_not_single_speaker
最大,frequent_token,117,28,corpus_candidate,corpus_level_not_single_speaker
来到,frequent_token,117,30,corpus_candidate,corpus_level_not_single_speaker
游戏,frequent_token,117,23,corpus_candidate,corpus_level_not_single_speaker
生意,frequent_token,117,25,corpus_candidate,corpus_level_not_single_speaker
送礼,frequent_token,117,11,corpus_candidate,corpus_level_not_single_speaker
出现,frequent_token,116,25,corpus_candidate,corpus_level_not_single_speaker
哥们,frequent_token,116,25,corpus_candidate,corpus_level_not_single_speaker
年纪,frequent_token,116,28,corpus_candidate,corpus_level_not_single_speaker
难受,frequent_token,116,25,corpus_candidate,corpus_level_not_single_speaker
业务,frequent_token,115,23,corpus_candidate,corpus_level_not_single_speaker
例子,frequent_token,115,22,corpus_candidate,corpus_level_not_single_speaker
感情,frequent_token,115,22,corpus_candidate,corpus_level_not_single_speaker
无法,frequent_token,115,25,corpus_candidate,corpus_level_not_single_speaker
毛病,frequent_token,115,26,corpus_candidate,corpus_level_not_single_speaker
沟通,frequent_token,115,21,corpus_candidate,corpus_level_not_single_speaker
不错,frequent_token,114,29,corpus_candidate,corpus_level_not_single_speaker
心里,frequent_token,114,30,corpus_candidate,corpus_level_not_single_speaker
视频,frequent_token,114,25,corpus_candidate,corpus_level_not_single_speaker
说话,frequent_token,114,28,corpus_candidate,corpus_level_not_single_speaker
思维,frequent_token,112,24,corpus_candidate,corpus_level_not_single_speaker
成长,frequent_token,112,23,corpus_candidate,corpus_level_not_single_speaker
活着,frequent_token,112,22,corpus_candidate,corpus_level_not_single_speaker
董事长,frequent_token,111,19,corpus_candidate,corpus_level_not_single_speaker
吹牛,frequent_token,110,27,corpus_candidate,corpus_level_not_single_speaker
坚持,frequent_token,109,20,corpus_candidate,corpus_level_not_single_speaker
变化,frequent_token,108,25,corpus_candidate,corpus_level_not_single_speaker
想象,frequent_token,108,25,corpus_candidate,corpus_level_not_single_speaker
求真,frequent_token,108,18,corpus_candidate,corpus_level_not_single_speaker
成林,frequent_token,107,20,corpus_candidate,corpus_level_not_single_speaker
干活,frequent_token,106,22,corpus_candidate,corpus_level_not_single_speaker
手机,frequent_token,106,26,corpus_candidate,corpus_level_not_single_speaker
叠加,frequent_token,105,16,corpus_candidate,corpus_level_not_single_speaker
明天,frequent_token,105,26,corpus_candidate,corpus_level_not_single_speaker
事业,frequent_token,104,27,corpus_candidate,corpus_level_not_single_speaker
存在,frequent_token,104,23,corpus_candidate,corpus_level_not_single_speaker
精彩,frequent_token,104,20,corpus_candidate,corpus_level_not_single_speaker
见到,frequent_token,104,29,corpus_candidate,corpus_level_not_single_speaker
姑娘,frequent_token,103,24,corpus_candidate,corpus_level_not_single_speaker
属于,frequent_token,103,24,corpus_candidate,corpus_level_not_single_speaker
房子,frequent_token,103,17,corpus_candidate,corpus_level_not_single_speaker
美好,frequent_token,103,22,corpus_candidate,corpus_level_not_single_speaker
规则,frequent_token,103,18,corpus_candidate,corpus_level_not_single_speaker
超越,frequent_token,103,22,corpus_candidate,corpus_level_not_single_speaker
人会,frequent_token,102,29,corpus_candidate,corpus_level_not_single_speaker
对方,frequent_token,102,23,corpus_candidate,corpus_level_not_single_speaker
意味着,frequent_token,102,25,corpus_candidate,corpus_level_not_single_speaker
方向,frequent_token,102,23,corpus_candidate,corpus_level_not_single_speaker
傻子,frequent_token,101,23,corpus_candidate,corpus_level_not_single_speaker
安排,frequent_token,101,21,corpus_candidate,corpus_level_not_single_speaker
来看,frequent_token,101,27,corpus_candidate,corpus_level_not_single_speaker
照片,frequent_token,101,23,corpus_candidate,corpus_level_not_single_speaker
身价,frequent_token,101,26,corpus_candidate,corpus_level_not_single_speaker
失望,frequent_token,100,21,corpus_candidate,corpus_level_not_single_speaker
想到,frequent_token,100,23,corpus_candidate,corpus_level_not_single_speaker
意见,frequent_token,100,23,corpus_candidate,corpus_level_not_single_speaker
酒店,frequent_token,100,13,corpus_candidate,corpus_level_not_single_speaker
变好,frequent_token,99,25,corpus_candidate,corpus_level_not_single_speaker
小时,frequent_token,99,26,corpus_candidate,corpus_level_not_single_speaker
正确,frequent_token,99,24,corpus_candidate,corpus_level_not_single_speaker
阿姨,frequent_token,99,14,corpus_candidate,corpus_level_not_single_speaker
聪明,frequent_token,98,26,corpus_candidate,corpus_level_not_single_speaker
西藏,frequent_token,98,12,corpus_candidate,corpus_level_not_single_speaker
观察,frequent_token,98,25,corpus_candidate,corpus_level_not_single_speaker
会议,frequent_token,97,7,corpus_candidate,corpus_level_not_single_speaker
好坏,frequent_token,97,23,corpus_candidate,corpus_level_not_single_speaker
市场,frequent_token,97,18,corpus_candidate,corpus_level_not_single_speaker
足够,frequent_token,97,20,corpus_candidate,corpus_level_not_single_speaker
方案,frequent_token,96,18,corpus_candidate,corpus_level_not_single_speaker
系统,frequent_token,96,13,corpus_candidate,corpus_level_not_single_speaker
结婚,frequent_token,96,25,corpus_candidate,corpus_level_not_single_speaker
差不多,frequent_token,95,23,corpus_candidate,corpus_level_not_single_speaker
心态,frequent_token,95,24,corpus_candidate,corpus_level_not_single_speaker
核心,frequent_token,95,24,corpus_candidate,corpus_level_not_single_speaker
这帮,frequent_token,95,23,corpus_candidate,corpus_level_not_single_speaker
组织,frequent_token,94,18,corpus_candidate,corpus_level_not_single_speaker
麻烦,frequent_token,94,24,corpus_candidate,corpus_level_not_single_speaker
作为,frequent_token,93,22,corpus_candidate,corpus_level_not_single_speaker
坐在,frequent_token,93,24,corpus_candidate,corpus_level_not_single_speaker
毕业,frequent_token,91,23,corpus_candidate,corpus_level_not_single_speaker
决策,frequent_token,90,23,corpus_candidate,corpus_level_not_single_speaker
情绪,frequent_token,90,23,corpus_candidate,corpus_level_not_single_speaker
放弃,frequent_token,90,20,corpus_candidate,corpus_level_not_single_speaker
结束,frequent_token,90,28,corpus_candidate,corpus_level_not_single_speaker
记得,frequent_token,90,24,corpus_candidate,corpus_level_not_single_speaker
算法,frequent_token,89,24,corpus_candidate,corpus_level_not_single_speaker
考虑,frequent_token,89,21,corpus_candidate,corpus_level_not_single_speaker
上来,frequent_token,88,28,corpus_candidate,corpus_level_not_single_speaker
了解,frequent_token,88,20,corpus_candidate,corpus_level_not_single_speaker
动力,frequent_token,88,20,corpus_candidate,corpus_level_not_single_speaker
想一想,frequent_token,88,25,corpus_candidate,corpus_level_not_single_speaker
表达,frequent_token,88,26,corpus_candidate,corpus_level_not_single_speaker
晚上,frequent_token,87,25,corpus_candidate,corpus_level_not_single_speaker
精进,frequent_token,87,17,corpus_candidate,corpus_level_not_single_speaker
规律,frequent_token,87,24,corpus_candidate,corpus_level_not_single_speaker
当中,frequent_token,86,23,corpus_candidate,corpus_level_not_single_speaker
复盘,frequent_token,85,16,corpus_candidate,corpus_level_not_single_speaker
突然,frequent_token,85,28,corpus_candidate,corpus_level_not_single_speaker
立场,frequent_token,85,11,corpus_candidate,corpus_level_not_single_speaker
类似,frequent_token,85,24,corpus_candidate,corpus_level_not_single_speaker
上去,frequent_token,84,28,corpus_candidate,corpus_level_not_single_speaker
年轻,frequent_token,84,27,corpus_candidate,corpus_level_not_single_speaker
花钱,frequent_token,84,19,corpus_candidate,corpus_level_not_single_speaker
创造,frequent_token,83,23,corpus_candidate,corpus_level_not_single_speaker
听到,frequent_token,83,23,corpus_candidate,corpus_level_not_single_speaker
基金,frequent_token,83,16,corpus_candidate,corpus_level_not_single_speaker
对错,frequent_token,83,20,corpus_candidate,corpus_level_not_single_speaker
帮忙,frequent_token,83,17,corpus_candidate,corpus_level_not_single_speaker
接触,frequent_token,83,23,corpus_candidate,corpus_level_not_single_speaker
梦幻,frequent_token,83,15,corpus_candidate,corpus_level_not_single_speaker
利用,frequent_token,82,25,corpus_candidate,corpus_level_not_single_speaker
命运,frequent_token,82,24,corpus_candidate,corpus_level_not_single_speaker
建议,frequent_token,82,23,corpus_candidate,corpus_level_not_single_speaker
上学,frequent_token,81,26,corpus_candidate,corpus_level_not_single_speaker
上海,frequent_token,81,18,corpus_candidate,corpus_level_not_single_speaker
员工,frequent_token,81,18,corpus_candidate,corpus_level_not_single_speaker
在座,frequent_token,81,17,corpus_candidate,corpus_level_not_single_speaker
完成,frequent_token,81,23,corpus_candidate,corpus_level_not_single_speaker
实习,frequent_token,81,11,corpus_candidate,corpus_level_not_single_speaker
恋爱,frequent_token,81,14,corpus_candidate,corpus_level_not_single_speaker
来说,frequent_token,81,25,corpus_candidate,corpus_level_not_single_speaker
负责,frequent_token,81,25,corpus_candidate,corpus_level_not_single_speaker
值钱,frequent_token,80,18,corpus_candidate,corpus_level_not_single_speaker
程度,frequent_token,80,25,corpus_candidate,corpus_level_not_single_speaker
责任,frequent_token,80,17,corpus_candidate,corpus_level_not_single_speaker
送给,frequent_token,80,20,corpus_candidate,corpus_level_not_single_speaker
大师,frequent_token,79,12,corpus_candidate,corpus_level_not_single_speaker
看见,frequent_token,79,24,corpus_candidate,corpus_level_not_single_speaker
观念,frequent_token,79,15,corpus_candidate,corpus_level_not_single_speaker
也就是说,frequent_token,78,25,corpus_candidate,corpus_level_not_single_speaker
享受,frequent_token,78,25,corpus_candidate,corpus_level_not_single_speaker
他妈的,frequent_token,78,17,corpus_candidate,corpus_level_not_single_speaker
资格,frequent_token,78,17,corpus_candidate,corpus_level_not_single_speaker
这辈子,frequent_token,78,23,corpus_candidate,corpus_level_not_single_speaker
领导,frequent_token,78,16,corpus_candidate,corpus_level_not_single_speaker
关注,frequent_token,77,23,corpus_candidate,corpus_level_not_single_speaker
女朋友,frequent_token,77,19,corpus_candidate,corpus_level_not_single_speaker
打开,frequent_token,77,25,corpus_candidate,corpus_level_not_single_speaker
清楚,frequent_token,77,25,corpus_candidate,corpus_level_not_single_speaker
东北,frequent_token,76,22,corpus_candidate,corpus_level_not_single_speaker
垃圾,frequent_token,76,23,corpus_candidate,corpus_level_not_single_speaker
服务,frequent_token,76,26,corpus_candidate,corpus_level_not_single_speaker
观点,frequent_token,76,24,corpus_candidate,corpus_level_not_single_speaker
事物,frequent_token,75,23,corpus_candidate,corpus_level_not_single_speaker
好事,frequent_token,75,25,corpus_candidate,corpus_level_not_single_speaker
抱怨,frequent_token,75,18,corpus_candidate,corpus_level_not_single_speaker
能量,frequent_token,75,20,corpus_candidate,corpus_level_not_single_speaker
话题,frequent_token,75,22,corpus_candidate,corpus_level_not_single_speaker
谈恋爱,frequent_token,75,16,corpus_candidate,corpus_level_not_single_speaker
代价,frequent_token,74,21,corpus_candidate,corpus_level_not_single_speaker
体系,frequent_token,74,18,corpus_candidate,corpus_level_not_single_speaker
便宜,frequent_token,74,24,corpus_candidate,corpus_level_not_single_speaker
内心,frequent_token,74,23,corpus_candidate,corpus_level_not_single_speaker
分析,frequent_token,74,23,corpus_candidate,corpus_level_not_single_speaker
原因,frequent_token,74,23,corpus_candidate,corpus_level_not_single_speaker
声音,frequent_token,74,23,corpus_candidate,corpus_level_not_single_speaker
天天,frequent_token,74,22,corpus_candidate,corpus_level_not_single_speaker
持续,frequent_token,74,19,corpus_candidate,corpus_level_not_single_speaker
活动,frequent_token,74,24,corpus_candidate,corpus_level_not_single_speaker
经济,frequent_token,74,25,corpus_candidate,corpus_level_not_single_speaker
不够,frequent_token,73,23,corpus_candidate,corpus_level_not_single_speaker
整个,frequent_token,73,19,corpus_candidate,corpus_level_not_single_speaker
问问,frequent_token,73,25,corpus_candidate,corpus_level_not_single_speaker
一般,frequent_token,72,23,corpus_candidate,corpus_level_not_single_speaker
地图,frequent_token,72,18,corpus_candidate,corpus_level_not_single_speaker
标准,frequent_token,72,18,corpus_candidate,corpus_level_not_single_speaker
老天爷,frequent_token,72,23,corpus_candidate,corpus_level_not_single_speaker
范围,frequent_token,72,18,corpus_candidate,corpus_level_not_single_speaker
这场,frequent_token,72,20,corpus_candidate,corpus_level_not_single_speaker
中国,frequent_token,71,17,corpus_candidate,corpus_level_not_single_speaker
回到,frequent_token,71,21,corpus_candidate,corpus_level_not_single_speaker
婆婆,frequent_token,71,3,corpus_candidate,corpus_level_not_single_speaker
探索,frequent_token,71,19,corpus_candidate,corpus_level_not_single_speaker
概念,frequent_token,71,21,corpus_candidate,corpus_level_not_single_speaker
进入,frequent_token,71,21,corpus_candidate,corpus_level_not_single_speaker
OK,frequent_token,70,23,corpus_candidate,corpus_level_not_single_speaker
五台山,frequent_token,70,6,corpus_candidate,corpus_level_not_single_speaker
企业,frequent_token,70,21,corpus_candidate,corpus_level_not_single_speaker
同行,frequent_token,70,19,corpus_candidate,corpus_level_not_single_speaker
回去,frequent_token,70,24,corpus_candidate,corpus_level_not_single_speaker
妈妈,frequent_token,70,20,corpus_candidate,corpus_level_not_single_speaker
想着,frequent_token,70,22,corpus_candidate,corpus_level_not_single_speaker
明确,frequent_token,70,24,corpus_candidate,corpus_level_not_single_speaker
没什么,frequent_token,70,25,corpus_candidate,corpus_level_not_single_speaker
澳门,frequent_token,70,3,corpus_candidate,corpus_level_not_single_speaker
生命,frequent_token,70,21,corpus_candidate,corpus_level_not_single_speaker
白姐姐,frequent_token,70,4,corpus_candidate,corpus_level_not_single_speaker
相关,frequent_token,70,18,corpus_candidate,corpus_level_not_single_speaker
等于,frequent_token,70,22,corpus_candidate,corpus_level_not_single_speaker
投入,frequent_token,69,19,corpus_candidate,corpus_level_not_single_speaker
满足,frequent_token,69,21,corpus_candidate,corpus_level_not_single_speaker
真诚,frequent_token,69,21,corpus_candidate,corpus_level_not_single_speaker
自由,frequent_token,69,22,corpus_candidate,corpus_level_not_single_speaker
讨论,frequent_token,69,19,corpus_candidate,corpus_level_not_single_speaker
讲课,frequent_token,69,16,corpus_candidate,corpus_level_not_single_speaker
产品,frequent_token,68,22,corpus_candidate,corpus_level_not_single_speaker
做事,frequent_token,68,19,corpus_candidate,corpus_level_not_single_speaker
北京,frequent_token,68,16,corpus_candidate,corpus_level_not_single_speaker
女生,frequent_token,68,16,corpus_candidate,corpus_level_not_single_speaker
实现,frequent_token,68,18,corpus_candidate,corpus_level_not_single_speaker
有意思,frequent_token,68,22,corpus_candidate,corpus_level_not_single_speaker
眼里,frequent_token,68,22,corpus_candidate,corpus_level_not_single_speaker
节点,frequent_token,68,12,corpus_candidate,corpus_level_not_single_speaker
you,frequent_token,67,8,corpus_candidate,corpus_level_not_single_speaker
充满,frequent_token,67,15,corpus_candidate,corpus_level_not_single_speaker
具备,frequent_token,67,22,corpus_candidate,corpus_level_not_single_speaker
当年,frequent_token,67,21,corpus_candidate,corpus_level_not_single_speaker
打工,frequent_token,67,21,corpus_candidate,corpus_level_not_single_speaker
留下,frequent_token,67,20,corpus_candidate,corpus_level_not_single_speaker
目的,frequent_token,67,22,corpus_candidate,corpus_level_not_single_speaker
聊天,frequent_token,67,21,corpus_candidate,corpus_level_not_single_speaker
世道,frequent_token,66,17,corpus_candidate,corpus_level_not_single_speaker
主题,frequent_token,66,23,corpus_candidate,corpus_level_not_single_speaker
吃苦,frequent_token,66,16,corpus_candidate,corpus_level_not_single_speaker
奶茶,frequent_token,66,15,corpus_candidate,corpus_level_not_single_speaker
好不好,frequent_token,66,25,corpus_candidate,corpus_level_not_single_speaker
成本,frequent_token,66,22,corpus_candidate,corpus_level_not_single_speaker
技术,frequent_token,66,19,corpus_candidate,corpus_level_not_single_speaker
读书,frequent_token,66,13,corpus_candidate,corpus_level_not_single_speaker
连接,frequent_token,66,20,corpus_candidate,corpus_level_not_single_speaker
主动,frequent_token,65,22,corpus_candidate,corpus_level_not_single_speaker
完全,frequent_token,65,19,corpus_candidate,corpus_level_not_single_speaker
有用,frequent_token,65,23,corpus_candidate,corpus_level_not_single_speaker
流转,frequent_token,65,16,corpus_candidate,corpus_level_not_single_speaker
矛盾,frequent_token,65,13,corpus_candidate,corpus_level_not_single_speaker
精神,frequent_token,65,21,corpus_candidate,corpus_level_not_single_speaker
舒服,frequent_token,65,22,corpus_candidate,corpus_level_not_single_speaker
认真,frequent_token,65,21,corpus_candidate,corpus_level_not_single_speaker
关键,frequent_token,64,16,corpus_candidate,corpus_level_not_single_speaker
家长,frequent_token,64,12,corpus_candidate,corpus_level_not_single_speaker
无敌,frequent_token,64,19,corpus_candidate,corpus_level_not_single_speaker
朋友圈,frequent_token,64,23,corpus_candidate,corpus_level_not_single_speaker
玩意,frequent_token,64,25,corpus_candidate,corpus_level_not_single_speaker
直播间,frequent_token,64,20,corpus_candidate,corpus_level_not_single_speaker
确定,frequent_token,64,20,corpus_candidate,corpus_level_not_single_speaker
解决问题,frequent_token,64,18,corpus_candidate,corpus_level_not_single_speaker
边界,frequent_token,64,18,corpus_candidate,corpus_level_not_single_speaker
团队,frequent_token,63,21,corpus_candidate,corpus_level_not_single_speaker
提醒,frequent_token,63,21,corpus_candidate,corpus_level_not_single_speaker
来讲,frequent_token,63,20,corpus_candidate,corpus_level_not_single_speaker
身体,frequent_token,63,18,corpus_candidate,corpus_level_not_single_speaker
下去,frequent_token,62,25,corpus_candidate,corpus_level_not_single_speaker
体面,frequent_token,62,15,corpus_candidate,corpus_level_not_single_speaker
信任,frequent_token,62,20,corpus_candidate,corpus_level_not_single_speaker
叫做,frequent_token,62,22,corpus_candidate,corpus_level_not_single_speaker
坏人,frequent_token,62,20,corpus_candidate,corpus_level_not_single_speaker
拜拜,frequent_token,62,19,corpus_candidate,corpus_level_not_single_speaker
版本,frequent_token,62,21,corpus_candidate,corpus_level_not_single_speaker
理论,frequent_token,62,20,corpus_candidate,corpus_level_not_single_speaker
看着,frequent_token,62,22,corpus_candidate,corpus_level_not_single_speaker
研究,frequent_token,62,18,corpus_candidate,corpus_level_not_single_speaker
走过,frequent_token,62,21,corpus_candidate,corpus_level_not_single_speaker
道义,frequent_token,62,3,corpus_candidate,corpus_level_not_single_speaker
the,frequent_token,61,11,corpus_candidate,corpus_level_not_single_speaker
到时候,frequent_token,61,20,corpus_candidate,corpus_level_not_single_speaker
布局,frequent_token,61,17,corpus_candidate,corpus_level_not_single_speaker
本质,frequent_token,61,21,corpus_candidate,corpus_level_not_single_speaker
眼睛,frequent_token,61,20,corpus_candidate,corpus_level_not_single_speaker
管理,frequent_token,61,20,corpus_candidate,corpus_level_not_single_speaker
错误,frequent_token,61,21,corpus_candidate,corpus_level_not_single_speaker
习惯,frequent_token,60,21,corpus_candidate,corpus_level_not_single_speaker
达到,frequent_token,60,24,corpus_candidate,corpus_level_not_single_speaker
你看,oral_marker,908,32,corpus_candidate,corpus_level_not_single_speaker
各位,oral_marker,805,32,corpus_candidate,corpus_level_not_single_speaker
我觉得,oral_marker,780,31,corpus_candidate,corpus_level_not_single_speaker
对吧,oral_marker,734,32,corpus_candidate,corpus_level_not_single_speaker
其实,oral_marker,640,32,corpus_candidate,corpus_level_not_single_speaker
兄弟们,oral_marker,371,29,corpus_candidate,corpus_level_not_single_speaker
我希望,oral_marker,255,30,corpus_candidate,corpus_level_not_single_speaker
能理解吗,oral_marker,232,28,corpus_candidate,corpus_level_not_single_speaker
记住,oral_marker,232,27,corpus_candidate,corpus_level_not_single_speaker
明白吗,oral_marker,206,26,corpus_candidate,corpus_level_not_single_speaker
我认为,oral_marker,199,31,corpus_candidate,corpus_level_not_single_speaker
懂吗,oral_marker,171,25,corpus_candidate,corpus_level_not_single_speaker
买单,oral_marker,148,27,corpus_candidate,corpus_level_not_single_speaker
真实,oral_marker,128,25,corpus_candidate,corpus_level_not_single_speaker
所以说,oral_marker,121,26,corpus_candidate,corpus_level_not_single_speaker
拿到结果,oral_marker,97,23,corpus_candidate,corpus_level_not_single_speaker
我想告诉,oral_marker,96,22,corpus_candidate,corpus_level_not_single_speaker
就这么简单,oral_marker,94,24,corpus_candidate,corpus_level_not_single_speaker
客观,oral_marker,88,19,corpus_candidate,corpus_level_not_single_speaker
我跟你讲,oral_marker,76,22,corpus_candidate,corpus_level_not_single_speaker
气运加一,oral_marker,75,18,corpus_candidate,corpus_level_not_single_speaker
你们记住,oral_marker,74,25,corpus_candidate,corpus_level_not_single_speaker
如果我是,oral_marker,55,20,corpus_candidate,corpus_level_not_single_speaker
假设,oral_marker,44,20,corpus_candidate,corpus_level_not_single_speaker
向善而行,oral_marker,32,7,corpus_candidate,corpus_level_not_single_speaker
认账,oral_marker,24,8,corpus_candidate,corpus_level_not_single_speaker
大家能理解,oral_marker,22,15,corpus_candidate,corpus_level_not_single_speaker
无限进化,oral_marker,10,1,corpus_candidate,corpus_level_not_single_speaker
说白了,oral_marker,1,1,corpus_candidate,corpus_level_not_single_speaker
